nontropical_binomial,nontropical_n,nontropical_lat,nontropical_cv_logmass,tropical_binomial,tropical_n,tropical_lat,tropical_cv_logmass,dist_phy,dlat,dist_slc,tropical_Diet.Inv,tropical_Diet.Vend,tropical_Diet.Vect,tropical_Diet.Vfish,tropical_Diet.Vunk,tropical_Diet.Scav,tropical_Diet.Fruit,tropical_Diet.Nect,tropical_Diet.Seed,tropical_Diet.PlantO,tropical_Diet.5Cat,tropical_ForStrat.watbelowsurf,tropical_ForStrat.wataroundsurf,tropical_ForStrat.ground,tropical_ForStrat.understory,tropical_ForStrat.midhigh,tropical_ForStrat.canopy,tropical_ForStrat.aerial,tropical_PelagicSpecialist,tropical_Nocturnal,tropical_BodyMass.Value,tropical_female_maturity_d,tropical_litter_or_clutch_size_n,tropical_litters_or_clutches_per_y,tropical_adult_body_mass_g,tropical_maximum_longevity_y,tropical_gestation_d,tropical_weaning_d,tropical_birth_or_hatching_weight_g,tropical_weaning_weight_g,tropical_egg_mass_g,tropical_incubation_d,tropical_fledging_age_d,tropical_longevity_y,tropical_male_maturity_d,tropical_inter_litter_or_interbirth_interval_y,tropical_female_body_mass_g,tropical_male_body_mass_g,tropical_no_sex_body_mass_g,tropical_egg_width_mm,tropical_egg_length_mm,tropical_fledging_mass_g,tropical_adult_svl_cm,tropical_male_svl_cm,tropical_female_svl_cm,tropical_birth_or_hatching_svl_cm,tropical_female_svl_at_maturity_cm,tropical_female_body_mass_at_maturity_g,tropical_no_sex_svl_cm,tropical_no_sex_maturity_d,tropical_spatial_cv_temp,tropical_spatial_cv_precip,tropical_seasonal_var_temp,tropical_seasonal_var_precip,tropical_interannual_var_temp,tropical_interannual_var_precip,tropical_spatial_spread,tropical_area,tropical_migrant_status,tropical_range_size,tropical_total_richness,tropical_congener_richness,tropical_nsubpop,tropical_elevation_cv,nontropical_Diet.Inv,nontropical_Diet.Vend,nontropical_Diet.Vect,nontropical_Diet.Vfish,nontropical_Diet.Vunk,nontropical_Diet.Scav,nontropical_Diet.Fruit,nontropical_Diet.Nect,nontropical_Diet.Seed,nontropical_Diet.PlantO,nontropical_Diet.5Cat,nontropical_ForStrat.watbelowsurf,nontropical_ForStrat.wataroundsurf,nontropical_ForStrat.ground,nontropical_ForStrat.understory,nontropical_ForStrat.midhigh,nontropical_ForStrat.canopy,nontropical_ForStrat.aerial,nontropical_PelagicSpecialist,nontropical_Nocturnal,nontropical_BodyMass.Value,nontropical_female_maturity_d,nontropical_litter_or_clutch_size_n,nontropical_litters_or_clutches_per_y,nontropical_adult_body_mass_g,nontropical_maximum_longevity_y,nontropical_gestation_d,nontropical_weaning_d,nontropical_birth_or_hatching_weight_g,nontropical_weaning_weight_g,nontropical_egg_mass_g,nontropical_incubation_d,nontropical_fledging_age_d,nontropical_longevity_y,nontropical_male_maturity_d,nontropical_inter_litter_or_interbirth_interval_y,nontropical_female_body_mass_g,nontropical_male_body_mass_g,nontropical_no_sex_body_mass_g,nontropical_egg_width_mm,nontropical_egg_length_mm,nontropical_fledging_mass_g,nontropical_adult_svl_cm,nontropical_male_svl_cm,nontropical_female_svl_cm,nontropical_birth_or_hatching_svl_cm,nontropical_female_svl_at_maturity_cm,nontropical_female_body_mass_at_maturity_g,nontropical_no_sex_svl_cm,nontropical_no_sex_maturity_d,nontropical_spatial_cv_temp,nontropical_spatial_cv_precip,nontropical_seasonal_var_temp,nontropical_seasonal_var_precip,nontropical_interannual_var_temp,nontropical_interannual_var_precip,nontropical_spatial_spread,nontropical_area,nontropical_migrant_status,nontropical_range_size,nontropical_total_richness,nontropical_congener_richness,nontropical_nsubpop,nontropical_elevation_cv,clutch_size_diff,absolute_clutch_size_diff
Acanthiza_pusilla,18,32.8,0.127910794,Acanthiza_katherina,23,16.59366367,0.117262988,4.647439878,13.78840318,1562.645777,100,0,0,0,0,0,0,0,0,0,Invertebrate,0,0,0,20,50,30,0,0,0,7.2,NA,2.25,NA,6.85,NA,NA,NA,NA,NA,NA,NA,NA,NA,NA,NA,6.7,6.8,7.025,NA,NA,NA,NA,NA,NA,NA,NA,NA,NA,NA,0.003717157,0.203981541,264.3876761,85.57262852,4.688997144,551.3091955,171526.716,44475.2307,none,4.958743046,325.4347826,2.130434783,13,0.243274538,70,0,0,0,0,0,10,10,10,0,Invertebrate,0,0,40,40,20,0,0,0,0,7.62,NA,2.7,NA,7.6,NA,NA,NA,NA,NA,1.4,NA,NA,NA,NA,NA,7.5,8.6,7,NA,NA,NA,NA,NA,NA,NA,NA,NA,NA,NA,0.009042001,0.284365293,364.877655,31.6376269,4.766700141,210.5440297,1494185.541,3918923.85,none,108.8095576,219.7777778,3.111111111,12,0.855617706,0.45,0.45
Aethopyga_gouldiae,23,22.1675,0.059511482,Aethopyga_christinae,12,21.84,0.048592061,33.83946416,7.216108447,1240.271724,20,0,0,0,0,0,0,30,50,0,Omnivore,0,0,0,50,50,0,0,0,0,5.2,NA,NA,NA,5.25,NA,NA,NA,NA,NA,NA,NA,NA,NA,NA,NA,NA,NA,5.25,NA,NA,NA,NA,NA,NA,NA,NA,NA,NA,NA,0.002797499,0.168058192,541.1804759,79.83157412,4.976752679,363.8231799,175001.6247,839.8806462,none,2.903349189,357.1666667,3.75,3,0.744843668,50,0,0,0,0,0,0,50,0,0,Omnivore,0,0,20,30,30,20,0,0,0,5,NA,NA,NA,6.125,NA,NA,NA,NA,NA,NA,NA,NA,NA,NA,NA,5,7.25,NA,NA,NA,NA,NA,NA,NA,NA,NA,NA,NA,NA,0.007867187,0.180179922,444.755643,72.45999215,4.79496802,212.2823694,560142.1205,734494.4374,none,323.3769757,435,3.136363636,9,0.496111638,NA,NA
Aimophila_carpalis,75,27.242512,0.031297598,Aimophila_sumichrasti,69,16.32444444,0.020500368,12.59320121,12.75109416,2142.044533,60,0,0,0,0,0,0,0,40,0,Invertebrate,0,0,100,0,0,0,0,0,0,29.43,NA,NA,NA,29.45,NA,NA,NA,NA,NA,NA,NA,NA,NA,NA,NA,28.6,30.3,NA,NA,NA,NA,NA,NA,NA,NA,NA,NA,NA,NA,0.000412967,0.026354987,153.6071347,95.83298885,4.415568674,245.1084489,6974.065021,890.6129988,none,0.54069702,276.4264706,0.044117647,10,0.486654858,20,0,0,0,0,0,0,0,80,0,PlantSeed,0,0,60,20,20,0,0,0,0,15.3,NA,4,NA,15.3,NA,NA,NA,NA,NA,1.95,NA,NA,NA,NA,NA,15,15,15.3,NA,NA,11.9,NA,NA,NA,NA,NA,NA,NA,NA,0.004421275,0.222491434,558.2607731,106.0265493,5.582860222,134.5534083,277575.9905,87310.89355,none,16.32638059,236.1866667,0.08,18,0.654587567,NA,NA
Aimophila_ruficeps,276,31.816667,0.069263275,Aimophila_notosticta,10,16.81817121,0.015545892,6.529667942,10.62325649,1361.562504,60,0,0,0,0,0,0,0,40,0,Invertebrate,0,0,100,0,0,0,0,0,0,27.1,NA,NA,NA,27.1,NA,NA,NA,NA,NA,NA,NA,NA,NA,NA,NA,NA,27.1,NA,NA,NA,NA,NA,NA,NA,NA,NA,NA,NA,NA,0.001379512,0.181327179,134.8539207,87.92471542,4.650335169,224.9443863,42758.24804,1282.073259,none,2.544167477,241.5,1.3,5,0.017222694,50,0,0,0,0,0,0,0,50,0,Omnivore,0,0,60,20,20,0,0,0,0,18.69,365,3.725,2,18.75,5.083333333,NA,NA,NA,NA,2.72,12,NA,3.2,365,NA,17.925,19.3,19.19,NA,NA,NA,NA,NA,NA,NA,NA,NA,NA,NA,0.008481696,0.511388541,522.8733404,83.2569024,7.176049381,139.1682323,1162010.139,4566839.89,none,110.3757153,213.507874,0.122047244,116,0.620575606,NA,NA
Amazona_finschi,22,23.46889,0.026145486,Amazona_viridigenalis,19,34.1033058,0.034543949,5.080713386,1.887843096,768.500508,0,0,0,0,0,0,30,0,30,40,PlantSeed,0,0,20,20,40,20,0,0,0,316,NA,3.45,NA,319,NA,NA,NA,NA,NA,14.9,NA,NA,NA,NA,NA,NA,NA,317.5,NA,NA,287,NA,NA,NA,NA,NA,NA,NA,NA,0.007757659,0.734552791,473.4865759,95.09535262,6.262451396,167.9860566,726460.8159,365403.1788,none,0.68791479,239.5882353,0.117647059,13,0.427857104,0,0,0,0,0,0,50,0,50,0,Omnivore,0,0,0,50,50,0,0,0,0,302,NA,2,NA,302,25.8,NA,NA,NA,NA,NA,NA,NA,25.8,NA,NA,NA,NA,302,NA,NA,NA,NA,NA,NA,NA,NA,NA,NA,NA,0.009843239,0.336588635,319.5639313,107.5493345,5.673860995,165.4215108,672464.6056,832530.3428,none,9.726479034,286.3333333,0.866666667,9,1.446880906,-1.45,1.45
Anas_discors,172,43.2248,0.035015303,Anas_cyanoptera,230,34.9,0.030750677,0.295100127,49.05208146,5722.533606,20,0,0,0,0,0,0,0,30,50,PlantSeed,0,100,0,0,0,0,0,0,0,377.45,364.234,10,1.25,383,12.917,NA,NA,18.2,NA,31.5,23,49,12.9,365,NA,365.25,395.5,370.5,NA,NA,NA,41.5,NA,NA,NA,NA,NA,NA,NA,0.019548128,0.743264437,506.8702381,65.29601564,6.568816281,114.2157587,4656732.119,21502244.71,partial,679.4822078,176.1952381,2.195238095,95,1.05249646,10,0,0,0,0,0,0,0,30,60,PlantSeed,0,100,0,0,0,0,0,0,0,359.44,301.734,10,1,398.5,23.25,NA,NA,18.3,NA,28.1,24.1,41.25,22.3,240,NA,395,402,396,NA,NA,306.5,38,NA,NA,NA,NA,NA,NA,NA,0.019197393,0.616792694,891.0452595,39.25673562,9.950302683,111.5622965,2172470.78,25645522.65,partial,1039.935814,209.013245,3.298013245,93,1.181981109,0,0
Buteo_buteo,49,37.5667,0.034255236,Buteo_oreophilus,13,1,0.021987141,0.635922077,49.62834855,6224.638729,10,60,30,0,0,0,0,0,0,0,VertFishScav,0,0,50,30,20,0,0,0,0,699.99,NA,2,NA,700,NA,NA,NA,NA,NA,NA,NA,NA,NA,NA,NA,NA,NA,700,NA,NA,NA,44.5,NA,NA,NA,NA,NA,NA,NA,0.003968522,0.171230713,75.46951529,43.64267848,4.059034219,181.2676474,317789.2942,39596.23866,none,55.17493395,565.1538462,2,4,0.653398902,0,90,10,0,0,0,0,0,0,0,VertFishScav,0,0,100,0,0,0,0,0,0,759.1,910.202,3,1,878.25,28.8,NA,NA,36,NA,58.5,35,36.75,25.33666667,730,NA,945.75,781,759,NA,NA,NA,46,NA,NA,NA,NA,NA,NA,NA,0.010677053,0.183458215,861.0752272,81.49817704,7.02731336,232.5645709,3569665.313,42172690.87,partial,1654.401831,205.5581395,1.906976744,36,1.25672598,1,1
Calocitta_colliei,26,21.53944,0.038794118,Calocitta_formosa,77,16.83916778,0.016895947,6.364233276,8.340063118,1618.847549,20,20,20,0,0,0,20,10,10,0,Omnivore,0,0,20,40,40,0,0,0,0,210,NA,3.75,NA,210,NA,NA,NA,NA,NA,NA,NA,NA,NA,NA,NA,NA,NA,209.75,NA,NA,NA,51,NA,NA,NA,NA,NA,NA,NA,0.006119337,0.302601285,146.2714422,87.86080529,4.02235691,207.081662,657854.9388,553351.0168,none,24.73902611,306.8529412,0,35,0.795719023,50,0,0,0,0,0,50,0,0,0,Omnivore,0,0,0,30,40,30,0,0,0,234,NA,3.75,NA,223.5,NA,NA,NA,NA,NA,NA,NA,NA,NA,NA,NA,NA,NA,222,NA,NA,NA,51,NA,NA,NA,NA,NA,NA,NA,0.008668542,0.22182886,279.9717993,115.9442295,5.12395461,141.29777,339909.7737,50650.63283,none,13.87604419,317.2105263,0,12,0.97806552,0,
Catharus_guttatus,1422,39.346825,0.056168856,Catharus_occidentalis,63,18,0.036108645,7.27684925,28.31023518,3174.597994,50,0,0,0,0,0,50,0,0,0,Omnivore,0,0,60,0,20,20,0,0,0,26.2,NA,2.4,NA,24.985,NA,NA,NA,NA,NA,3.5,15,15,NA,NA,NA,NA,26.2,23.77,NA,NA,NA,16.75,NA,NA,NA,NA,NA,NA,NA,0.009962956,0.28638309,159.145773,84.40724175,4.223339332,225.3164536,321996.2451,260881.18,none,36.33109738,287.7818182,2.6,31,0.398948274,80,0,0,0,0,0,20,0,0,0,Invertebrate,0,0,50,50,0,0,0,0,0,30.1,364.234,3.66,2,30.55,10.83333333,NA,NA,4.12,NA,3.3,12.5,12.5,8.7,365,NA,NA,NA,31,NA,NA,24.8,17,NA,NA,NA,NA,NA,NA,NA,0.01785512,0.677126961,689.3837523,51.97544549,7.746997422,160.9297686,2224894.968,54427021.55,partial,1095.429232,198.8784978,1.00736377,706,0.840567712,1.26,1.26
Charadrius_alexandrinus,122,35.32762,0.082865357,Charadrius_marginatus,12,32.8333,0.061672354,7.82102858,27.48322412,7287.173442,100,0,0,0,0,0,0,0,0,0,Invertebrate,0,20,80,0,0,0,0,0,0,48.3,427.601,2.905,1.5,45.16666667,19,NA,NA,6.25,NA,8.95,26,29,15,331,NA,46.6,46.1,42.3,NA,NA,NA,NA,NA,NA,NA,NA,NA,NA,NA,0.015159498,0.565496058,253.778478,65.96933556,4.066077511,138.2062346,2066133.413,1093346.13,none,372.3099998,237.25,3.833333333,6,0.512121924,100,0,0,0,0,0,0,0,0,0,Invertebrate,0,40,60,0,0,0,0,0,0,42.3,427.601,3,1.5,42.3,19,NA,NA,6.25,NA,8.9,25,29,15,331,NA,46.1,44,42,NA,NA,NA,NA,NA,NA,NA,NA,NA,NA,NA,0.019606193,0.865960363,621.9951515,85.07553567,7.027130176,132.5046943,8860562.666,123902931.9,partial,1473.350685,151.8083333,2.041666667,52,1.449980713,0.095,0.095
Colinus_virginianus,343,40.8424,0.046317782,Colinus_cristatus,69,3.3333333,0.025042979,2.486167258,28.35880755,3952.76586,10,0,0,0,0,0,0,0,90,0,PlantSeed,0,0,100,0,0,0,0,0,0,134.45,NA,11.65,NA,136.5,NA,NA,NA,NA,NA,10.4,NA,NA,NA,NA,NA,131,138,NA,NA,NA,NA,20.25,NA,NA,NA,NA,NA,NA,NA,0.006266375,0.205072336,51.89281102,41.17683541,4.742419965,254.3798765,895900.4454,2623844.205,none,152.5979877,303.7647059,0.088235294,17,1.079503327,0,0,0,0,0,0,0,0,70,30,PlantSeed,0,0,100,0,0,0,0,0,0,171.89,364.234,13,1.5,173.3333333,6.416666667,NA,NA,7,NA,8.9,22.75,14,6.4,365,NA,117,150,174.25,NA,NA,NA,22.5,NA,NA,NA,NA,NA,NA,NA,0.018547914,0.261657154,774.1003179,34.18689253,7.960738485,132.8533001,1304747.731,13221756.62,none,431.0383865,232.2866242,0,165,0.903815198,1.35,1.35
Colius_colius,18,25.83,0.027749672,Colius_striatus,164,1.78,0.040386331,43.08197938,22.59522377,2661.232551,0,0,0,0,0,0,70,10,0,20,FruiNect,0,0,20,20,50,10,0,0,0,51.1,363.468,3.3,NA,52.5,NA,NA,NA,NA,NA,3.2,12.5,17.5,NA,NA,NA,55.5,54,51.1,NA,NA,NA,NA,NA,NA,NA,NA,NA,NA,NA,0.017059311,0.287341697,142.7829879,60.61358789,4.487651507,203.3649614,1329672.125,36727516.8,none,669.8216855,426.3719512,0.292682927,73,0.681769616,0,0,0,0,0,0,70,10,0,20,FruiNect,0,0,0,30,70,0,0,0,0,41.4,363.468,3.3,NA,41.45,NA,NA,NA,NA,NA,2.7,NA,NA,NA,NA,NA,45,NA,41.4,NA,NA,NA,NA,NA,NA,NA,NA,NA,NA,NA,0.008815891,0.853745715,413.4830322,99.34722095,5.92927689,89.58399879,639862.7097,454070.5923,none,146.3254524,214.6111111,0.222222222,8,0.280408934,0,0
Coryphospingus_cucullatus,50,20.66666667,0.034032417,Coryphospingus_pileatus,24,3.3333333,0.043851439,7.43739938,12.5611595,1906.385451,50,0,0,0,0,0,0,0,50,0,Omnivore,0,0,0,60,40,0,0,0,0,15.3,NA,NA,NA,15.15,NA,NA,NA,NA,NA,NA,NA,NA,NA,NA,NA,NA,NA,15.15,NA,NA,NA,NA,NA,NA,NA,NA,NA,NA,NA,0.001777657,0.234037188,45.05735946,40.48562829,4.741354048,192.5903393,321802.0095,45866.88992,none,229.2182295,206.1666667,0,5,0.471474414,0,0,0,0,0,0,50,0,50,0,Omnivore,0,0,0,60,40,0,0,0,0,14.28,NA,NA,NA,14.1,NA,NA,NA,NA,NA,NA,NA,NA,NA,NA,NA,NA,NA,14.1,NA,NA,NA,NA,NA,NA,NA,NA,NA,NA,NA,0.007726569,0.3258641,248.7373209,38.91036162,4.783987877,206.970928,1488304.124,1442572.77,partial,358.4635818,349.122449,0,25,1.07977234,NA,NA
Cossypha_caffra,89,2.63,0.040581,Cossypha_archeri,26,1,0.034201298,11.95064896,26.70650367,2994.287,100,0,0,0,0,0,0,0,0,0,Invertebrate,0,0,50,50,0,0,0,0,0,22.8,NA,2,NA,23,NA,NA,NA,NA,NA,NA,NA,NA,NA,NA,NA,23.5,22.5,23,NA,NA,NA,NA,NA,NA,NA,NA,NA,NA,NA,0.015111923,0.10283758,59.44647275,36.48942727,4.07979239,177.256026,26206.18452,0,none,4.887960971,612.3076923,3.846153846,2,NA,100,0,0,0,0,0,0,0,0,0,Invertebrate,0,0,80,0,0,20,0,0,0,28.5,NA,2.4,NA,28.475,NA,NA,NA,NA,NA,3.34,NA,NA,NA,NA,NA,25.5,29.45,29.1,NA,NA,NA,NA,NA,NA,NA,NA,NA,NA,NA,0.014273706,0.38674553,199.0602384,69.54783754,4.799949107,197.5828488,1782331.785,1783129.115,partial,144.7515153,416.2823529,1.376470588,31,0.499502286,0.4,0.4
Culicicapa_ceylonensis,53,25.48465,0.063257955,Culicicapa_helianthea,12,10.0204835,0.052840464,9.96096056,7.661285627,2270.408638,100,0,0,0,0,0,0,0,0,0,Invertebrate,0,0,0,0,70,30,0,0,0,8.4,NA,NA,NA,8.2,NA,NA,NA,NA,NA,NA,NA,NA,NA,NA,NA,NA,NA,8.2,NA,NA,NA,NA,NA,NA,NA,NA,NA,NA,NA,0.003566671,0.149426846,69.26075821,40.00911293,3.03285265,534.540741,7267517.605,3289343.411,none,31.09852956,205.9166667,0,5,0.545765142,100,0,0,0,0,0,0,0,0,0,Invertebrate,0,0,0,30,30,40,0,0,0,7.7,NA,3.5,NA,7.8,NA,NA,NA,NA,NA,1.16,NA,NA,NA,NA,NA,7.8,NA,NA,NA,NA,NA,NA,NA,NA,NA,NA,NA,NA,NA,0.023501008,0.46406466,524.1790326,70.34013041,4.810545746,380.2664179,1024669.951,4184080.075,partial,405.1262874,344,0,18,0.56246966,NA,NA
Cyanocorax_beecheii,10,22.3955,0.023440854,Cyanocorax_sanblasianus,24,19.62277778,0.014452488,4.054156004,6.348208758,830.6050664,50,0,10,0,0,0,40,0,0,0,Omnivore,0,0,30,20,30,20,0,0,0,109,NA,4,NA,108.25,NA,NA,NA,NA,NA,7.4,NA,NA,NA,NA,NA,NA,NA,107.5,NA,NA,NA,29,NA,NA,NA,NA,NA,NA,NA,0.00411295,0.144969197,181.0791811,91.45030685,4.225855044,175.1287152,828032.7721,426646.6389,none,5.796977977,293.8636364,2.045454545,13,1.039140008,30,10,10,0,0,0,30,0,20,0,Omnivore,0,0,40,30,30,0,0,0,0,193,NA,5,NA,194,NA,NA,NA,NA,NA,NA,NA,NA,NA,NA,NA,NA,NA,193,NA,NA,NA,37.5,NA,NA,NA,NA,NA,NA,NA,0.005748004,0.25839054,313.6162482,110.7561154,4.993560129,132.2301449,373814.2854,17782.34359,none,7.705207859,303.6666667,1,6,0.887193144,1,1
Dicrurus_macrocercus,23,24.6,0.031881431,Dicrurus_adsimilis,43,6.083333333,0.059009165,3.765895906,21.16798105,8544.238771,70,0,0,10,0,0,0,20,0,0,Invertebrate,0,0,20,20,20,20,20,0,0,40.3,NA,2.7,2.5,42.2,NA,NA,NA,NA,NA,4.3,16,14,NA,NA,NA,46,NA,41,NA,NA,NA,NA,NA,NA,NA,NA,NA,NA,NA,0.009587953,0.424670817,217.7923405,65.94777565,5.118047464,169.5360844,2184646.665,9437228.08,none,1227.302714,422.8536585,0.463414634,25,0.523043093,40,10,10,0,0,10,0,20,10,0,Omnivore,0,0,0,0,33,33,33,0,0,48.3,NA,3.35,NA,48.5,NA,NA,NA,NA,NA,4.8,NA,NA,NA,NA,NA,46,51,49.15,NA,NA,NA,NA,NA,NA,NA,NA,NA,NA,NA,0.011809692,0.336281537,371.9566723,89.73716965,3.978608096,413.4018318,1754703.052,3911293.391,partial,845.9336147,305.7391304,4.217391304,9,0.978562537,0.65,0.65
Diuca_diuca,30,40.05,0.042235698,Diuca_speculifera,16,14.619,0.016334024,6.21850762,23.36587477,2628.959128,0,0,0,0,0,0,0,0,100,0,PlantSeed,0,0,80,20,0,0,0,0,0,38.84,NA,NA,NA,NA,NA,NA,NA,NA,NA,NA,NA,NA,NA,NA,NA,NA,NA,NA,NA,NA,NA,NA,NA,NA,NA,NA,NA,NA,NA,0.006177569,0.39328638,139.5566717,67.92722066,5.08215758,222.9081706,309847.8473,143509.3546,none,17.4624044,198.3333333,0,8,0.079168716,0,0,0,0,0,0,0,0,100,0,PlantSeed,0,0,80,20,0,0,0,0,0,36.8,NA,NA,NA,36.4,NA,NA,NA,NA,NA,NA,NA,NA,NA,NA,NA,NA,NA,36.4,NA,NA,NA,NA,NA,NA,NA,NA,NA,NA,NA,0.012493977,0.5388665,446.0873494,46.19810791,4.747561423,149.4392054,2394956.55,1957248.58,partial,160.6151546,94.66666667,0,13,1.123762638,NA,NA
Elaenia_albiceps,64,14.231,0.061791871,Elaenia_frantzii,36,10.16667,0.045844109,4.310399422,21.84764078,4262.32914,30,0,0,0,0,0,70,0,0,0,FruiNect,0,0,0,20,80,0,0,0,0,19.6,NA,2,NA,19.05,NA,NA,NA,NA,NA,NA,15,15.5,NA,NA,NA,NA,NA,19.05,NA,NA,NA,NA,NA,NA,NA,NA,NA,NA,NA,0.013487449,0.395189798,61.8150132,61.41867553,4.348568082,341.6024,558526.3702,417876.6469,none,21.33918731,264.7222222,0.888888889,15,0.408405966,50,0,0,0,0,0,50,0,0,0,Omnivore,0,0,0,0,100,0,0,0,0,15.5,NA,2.4,NA,15.55,NA,NA,NA,NA,NA,NA,NA,NA,NA,NA,NA,NA,NA,15.55,NA,NA,NA,NA,NA,NA,NA,NA,NA,NA,NA,0.022403995,0.646505958,184.6380231,67.47028668,4.894756838,145.4790118,2060431.587,6385963.694,partial,219.1352857,194.5254237,1.152542373,25,0.617606229,0.4,0.4
Elaenia_parvirostris,39,30.5217,0.042905124,Elaenia_flavogaster,97,10.36667,0.034567966,11.90643636,20.39766529,2268.321726,50,0,0,0,0,0,50,0,0,0,Omnivore,0,0,0,20,40,30,10,0,0,24.8,NA,2,1.5,24.73333333,NA,NA,NA,NA,NA,2.79,16,17,NA,NA,NA,24.1,24.3,24.9,NA,NA,NA,NA,NA,NA,NA,NA,NA,NA,NA,0.006922956,0.328860093,106.0090935,45.95332725,4.266220394,305.8404236,2234748.72,11763393.14,none,862.6401951,382.8804348,1.706521739,61,1.120972034,70,0,0,0,0,0,30,0,0,0,Invertebrate,0,0,0,33,33,33,0,0,0,13.8,NA,2.4,NA,13.85,NA,NA,NA,NA,NA,2.8,NA,NA,NA,NA,NA,28.3,NA,13.825,NA,NA,NA,NA,NA,NA,NA,NA,NA,NA,NA,0.010282164,0.331135914,311.3335075,31.2742106,4.474863182,297.8691895,2608592.689,8778196.251,partial,250.9859153,353.4054054,2.513513514,18,1.385160526,0.4,0.4
Empidonax_oberholseri,507,39.38635,0.06266532,Empidonax_affinis,46,28.56806,0.035536957,1.166683213,22.26622558,2773.643136,100,0,0,0,0,0,0,0,0,0,Invertebrate,0,0,0,20,80,0,0,0,0,11.3,NA,NA,NA,10.88,NA,NA,NA,NA,NA,NA,NA,NA,NA,NA,NA,NA,11.3,10.46,NA,NA,NA,NA,NA,NA,NA,NA,NA,NA,NA,0.005475335,0.628984403,420.939698,87.24234273,7.239191612,152.2543898,816519.2887,880526.9672,none,41.90207093,257.5641026,6.564102564,19,0.146690702,100,0,0,0,0,0,0,0,0,0,Invertebrate,0,0,20,80,0,0,0,0,0,10.4,365,3.6,1,10.4,9,NA,NA,1.19,NA,NA,13.5,18,8.2,365,NA,NA,NA,10.4,NA,NA,10.1,NA,NA,NA,NA,NA,NA,NA,NA,0.013163888,0.674851776,780.2515312,54.42741247,7.8002334,136.0296016,785047.3689,5611346.106,obligate,305.029012,198.0601202,3.194388778,249,0.355582289,NA,NA
Euplectes_progne,10,0.5,0.026049138,Euplectes_psammocromius,10,9.2,0.032058337,1.989291193,18.92170563,2202.41915,50,0,0,0,0,0,0,0,50,0,Omnivore,0,0,0,0,10,90,0,0,0,35.5,NA,2,NA,35.5,NA,NA,NA,NA,NA,2.75,NA,NA,NA,NA,NA,NA,35.5,NA,NA,NA,NA,NA,NA,NA,NA,NA,NA,NA,NA,0.009035063,0.032439216,207.8660309,90.69860535,3.985886121,272.3235947,119834.8007,0,none,2.869061628,493.9,7.4,2,0.15824988,20,0,0,0,0,0,0,0,80,0,PlantSeed,0,0,0,0,100,0,0,0,0,35.1,NA,2.45,NA,35.525,NA,NA,NA,NA,NA,2.7,NA,NA,NA,NA,NA,32,41.6,35.525,NA,NA,NA,NA,NA,NA,NA,NA,NA,NA,NA,0.005180154,0.46940874,200.3700375,57.36382167,4.547828144,211.4068468,1383037.807,26372.80131,none,62.58404782,450.3333333,3.444444444,6,0.302089832,0.45,0.45
Eurystomus_orientalis,21,16.1695,0.054540158,Eurystomus_glaucurus,22,1.1,0.038139248,11.39314127,28.89392343,9994.836968,90,0,10,0,0,0,0,0,0,0,Invertebrate,0,0,10,10,20,30,30,0,0,110,NA,2.5,NA,108.5,NA,NA,NA,NA,NA,15,NA,NA,NA,NA,NA,104,110.5,108.75,NA,NA,NA,NA,NA,NA,NA,NA,NA,NA,NA,0.010384654,0.526261231,120.9840272,59.51308615,4.520153208,210.2961384,1344058.753,6456456.354,partial,1146.463438,381.1363636,0.227272727,13,0.934639638,100,0,0,0,0,0,0,0,0,0,Invertebrate,0,0,20,40,20,10,10,0,0,143.02,NA,3.5,NA,148.3833333,NA,NA,NA,NA,NA,15.6,20.5,24.5,NA,NA,NA,147.25,134.7,146.025,NA,NA,NA,NA,NA,NA,NA,NA,NA,NA,NA,0.014890218,0.526969221,223.0329536,39.04789273,3.813195301,396.4180128,3135946.155,13426345.06,partial,1189.408677,231.0555556,0,17,0.862360973,1,1
Geococcyx_californianus,116,33.41475,0.052680687,Geococcyx_velox,15,16.683335,0.018226287,31.02510478,12.63345644,1562.088162,100,0,0,0,0,0,0,0,0,0,Invertebrate,0,0,100,0,0,0,0,0,0,179.89,NA,2.4,NA,181.75,NA,NA,NA,NA,NA,NA,NA,NA,NA,NA,NA,175.75,187.25,NA,NA,NA,NA,NA,NA,NA,NA,NA,NA,NA,NA,0.012064014,0.305242749,156.0234522,84.29912949,4.457869649,242.3580884,748397.2541,977078.6941,none,44.26488623,304.2142857,0.071428571,14,0.781762605,30,30,20,0,0,10,10,0,0,0,VertFishScav,0,0,100,0,0,0,0,0,0,376,365,4,1.5,376,9,NA,NA,14,NA,19.2,18.75,NA,3.8,365,NA,286.15,319.1,376,NA,NA,NA,NA,NA,NA,NA,NA,NA,NA,NA,0.014328928,0.635372382,652.6268755,72.90392869,7.408021696,109.7461515,1120804.868,4394827.966,none,284.3640913,222.032967,0.021978022,77,0.727687507,1.6,1.6
Gymnogyps_californianus,9,34.37853075,0.038316452,Coragyps_atratus,26,26.1,0.062930388,47.45922392,30.80117429,7049.390705,0,10,10,10,0,70,0,0,0,0,VertFishScav,0,0,100,0,0,0,0,0,0,1881.69,2921,2,1,2080.5,25.5,NA,NA,70,NA,103,36.5,75,25.5,2920,NA,2103.75,2065,1899.75,NA,NA,NA,65,NA,NA,NA,NA,NA,NA,NA,0.017676261,0.483165725,540.2231571,62.78354594,6.678502504,167.5787757,2481547.174,14484901.52,none,1839.570836,240.6470588,0,14,1.561131301,0,0,0,0,0,100,0,0,0,0,VertFishScav,0,0,100,0,0,0,0,0,0,8442.74,2185.404,1,1,8800,45,NA,NA,185.3,NA,280,56.25,192.5,45,2190,NA,8100,8800,10104,NA,NA,NA,118,NA,NA,NA,NA,NA,NA,NA,0.005918566,0.382405946,515.4581299,92.55448914,6.478621662,136.8860273,215557.8395,41820.34875,none,10.16305975,217.25,0,8,0.551916831,-1,1
Haematopus_bachmani,61,57,0.053701004,Haematopus_palliatus,33,24.877778,0.018391386,1.472716384,16.47112592,3352.791731,100,0,0,0,0,0,0,0,0,0,Invertebrate,0,0,100,0,0,0,0,0,0,601.45,1274.436,2.785,1,560,43.33333333,NA,NA,34.2,NA,46.6,26.25,30,26.5,1095,NA,616,554.5,544,NA,NA,NA,NA,NA,NA,NA,NA,NA,NA,NA,0.014607933,0.637105994,370.0093575,80.93904886,5.081655094,171.085879,2733597.398,19964158,partial,132.0919342,78.86666667,0.066666667,22,0.878222917,90,0,0,10,0,0,0,0,0,0,Invertebrate,0,0,100,0,0,0,0,0,0,555,1639.436,2.77,1,555,43.33333333,NA,NA,32.55,NA,46.5,26,30,16,1460,NA,548.5,542,548.25,NA,NA,NA,NA,NA,NA,NA,NA,NA,NA,NA,0.015374196,0.436531742,400.7911757,43.4166728,7.190165189,265.9008641,2908009.437,50508828.86,partial,72.45852047,85.26229508,0.573770492,31,1.006563297,-0.015,0.015
Hirundo_neoxena,12,35.3,0.0713192,Hirundo_tahitica,11,17.261,0.06765966,5.093686186,11.79534668,7502.493763,100,0,0,0,0,0,0,0,0,0,Invertebrate,0,0,0,40,60,0,0,0,0,17.8,363.468,3.5,2.5,17.15,6.916666667,NA,NA,NA,NA,1.89,16,NA,6.916666667,NA,NA,16.5,NA,17.8,NA,NA,NA,NA,NA,NA,NA,NA,NA,NA,NA,0.011680488,0.189861648,149.0800536,40.45392377,3.204238347,580.9867597,8800142.422,91511062.9,none,0.102910809,117.4545455,1,10,0.938498652,100,0,0,0,0,0,0,0,0,0,Invertebrate,0,0,0,80,20,0,0,0,0,14.7,363.468,3.5,2.5,15,6.916666667,NA,NA,NA,NA,1.89,16,NA,6.916666667,NA,NA,16.5,NA,15,NA,NA,NA,NA,NA,NA,NA,NA,NA,NA,NA,0.006010819,0.516451387,342.4585876,38.78629994,4.285789132,147.3254623,706712.4085,394694.0769,partial,398.5335373,281.25,0,7,1.041283679,0,0
Hylocharis_xantusii,40,23.56276684,0.0953776,Hylocharis_leucotis,90,15.76761,0.18017719,9.35342044,2.179293695,829.4190976,10,0,0,0,0,0,0,90,0,0,FruiNect,0,0,0,50,40,0,10,0,0,3.39,363.468,2,2.5,3.6,NA,NA,NA,NA,NA,0.44,15,24.5,NA,NA,0.416666667,3.25,3.6,NA,NA,NA,NA,NA,NA,NA,NA,NA,NA,NA,NA,0.011309847,0.406526421,171.0422158,84.53041556,4.672951237,216.5067956,900799.8892,1028364.648,none,48.73726201,271.0384615,0,43,0.36875455,10,0,0,0,0,0,0,90,0,0,FruiNect,0,0,0,40,40,20,0,0,0,3.4,NA,2,NA,3.45,NA,NA,NA,NA,NA,0.48,NA,NA,NA,NA,NA,3.4,3.5,3.475,NA,NA,NA,NA,NA,NA,NA,NA,NA,NA,NA,0.005843141,0.280782277,325.4115234,137.5156906,5.099175549,124.3584644,114357.6842,25652.12673,none,3.761562095,186.675,0,13,0.858777312,0,0
Icterus_bullockii,237,37.1131734,0.067919151,Icterus_pustulatus,205,20.6,0.041634911,3.555682098,18.4312651,2287.008324,60,0,0,0,0,0,20,10,10,0,Invertebrate,0,0,0,20,40,40,0,0,0,36.78,NA,3.5,NA,36.125,NA,NA,NA,NA,NA,NA,NA,NA,NA,NA,NA,NA,NA,36.125,NA,NA,NA,NA,NA,NA,NA,NA,NA,NA,NA,0.006911451,0.309162551,174.3260038,102.6183712,4.130068299,183.2628256,810765.7891,1102187.369,none,47.8895312,245.0588235,4.241176471,62,0.803573813,60,10,0,0,0,0,0,30,0,0,Invertebrate,0,0,30,20,20,30,0,0,0,37.9,365,4.5,1,35.225,14,NA,NA,2,NA,3.03,13,13,8.9,365,1,33.2,34.7,37.5,NA,NA,NA,NA,NA,NA,NA,NA,NA,NA,NA,0.014729993,0.626761292,703.2572236,63.91569793,7.496874745,118.128842,1227703.973,5008125.15,partial,377.693043,207.0681818,1.85,159,0.683605538,1,1
Ictinia_mississippiensis,35,36.5228,0.052452749,Ictinia_plumbea,21,13.95,0.088169099,10.33305663,23.36844882,5548.517597,90,0,10,0,0,0,0,0,0,0,Invertebrate,0,0,0,0,0,20,80,0,0,249.9,NA,1.45,NA,245.25,NA,NA,NA,NA,NA,27,NA,30,NA,NA,NA,256.5,241,NA,NA,NA,NA,33.5,NA,NA,NA,NA,NA,NA,NA,0.004509632,0.17500404,93.98253512,53.17785418,4.057613045,348.5047216,1306833.423,3252835.65,partial,1059.069528,356.5,0.3125,13,0.884110611,90,0,0,0,10,0,0,0,0,0,Invertebrate,0,0,10,10,10,10,60,0,0,276.03,365,2,1,281,11.2,NA,NA,17,NA,27,30.5,34,9.583333333,365,NA,311,245,305,NA,NA,NA,34,NA,NA,NA,NA,NA,NA,NA,0.012526024,0.45484321,855.5662258,42.54471961,8.708111473,118.3707527,802116.9732,2396221.089,obligate,80.16106204,222.7391304,0,21,0.590566305,0.55,0.55
Laniarius_ferrugineus,59,2.27,0.03273285,Laniarius_aethiopicus,30,3.25,0.038572225,0.192747848,23.08219242,2652.288773,40,20,20,0,0,0,20,0,0,0,Omnivore,0,0,40,40,0,20,0,0,0,49.44,NA,2.5,NA,49.15,NA,NA,NA,NA,NA,3.835,NA,NA,NA,NA,NA,48,56,48.125,NA,NA,NA,NA,NA,NA,NA,NA,NA,NA,NA,0.024900568,0.268735096,141.817723,77.27325742,4.387315397,216.0739373,657014.9189,600125.0414,none,595.7415562,503.5517241,0.931034483,13,0.401925782,60,10,10,0,0,0,10,0,10,0,Invertebrate,0,0,40,40,20,0,0,0,0,46.8,NA,2.25,NA,47.4,NA,NA,NA,NA,NA,3.835,NA,NA,NA,NA,NA,52.75,58,46.6,NA,NA,NA,NA,NA,NA,NA,NA,NA,NA,NA,0.01534904,0.333662811,130.0225931,73.46689972,5.00302598,225.0301777,1176083.303,2853179.997,none,65.80169964,391.9152542,1.237288136,34,0.618626079,-0.25,0.25
Lessonia_rufa,22,41.11166834,0.028966086,Lessonia_oreas,10,15.358335,0.040554631,3.525445612,23.00121444,2559.281612,100,0,0,0,0,0,0,0,0,0,Invertebrate,0,0,70,30,0,0,0,0,0,13.8,NA,3.15,NA,13.5,NA,NA,NA,NA,NA,NA,NA,NA,NA,NA,NA,NA,13.8,13.45,NA,NA,NA,NA,NA,NA,NA,NA,NA,NA,NA,0.004063527,0.721840571,193.5775536,80.47177277,7.025490904,137.9685928,954142.0219,269410.6389,none,72.10641952,146,0.4,6,0.07789809,100,0,0,0,0,0,0,0,0,0,Invertebrate,0,0,100,0,0,0,0,0,0,13.4,NA,2.8,NA,13.45,NA,NA,NA,NA,NA,NA,NA,NA,NA,NA,NA,NA,NA,13.45,NA,NA,NA,NA,NA,NA,NA,NA,NA,NA,NA,0.012887041,0.794254954,438.020036,46.36023874,4.913193299,166.4316007,700488.2617,777129.4771,obligate,147.0869252,126.6428571,0,12,0.711048492,-0.35,0.35
Megaceryle_alcyon,241,43.8009335,0.036964327,Megaceryle_torquata,12,9.15786,0.017536164,9.313886268,37.56150617,8223.085917,20,0,20,60,0,0,0,0,0,0,VertFishScav,90,0,10,0,0,0,0,0,0,317,NA,4,NA,317,NA,NA,NA,NA,NA,27.7,NA,35.25,NA,NA,NA,293,300,317,NA,NA,NA,NA,NA,NA,NA,NA,NA,NA,NA,0.006946282,0.223299387,115.3948582,45.50650024,3.740373182,406.0052155,2727716.278,7697151.628,partial,1411.696083,280.0909091,0.545454545,9,0.771635776,10,10,10,70,0,0,0,0,0,0,VertFishScav,40,40,10,10,0,0,0,0,0,148,365.25,6.5,1,152.1666667,NA,NA,NA,NA,NA,13.5,23.25,28,NA,334.825,1,154.3,150.8,148,NA,NA,NA,NA,NA,NA,NA,NA,NA,NA,NA,0.01726337,0.30907521,825.0122144,35.79827109,9.446998691,114.9665713,1555530.585,15445647.49,partial,1791.166204,213.2964602,0.017699115,115,1.122297353,2.5,2.5
Milvago_chimango,30,27.158335,0.02491427,Milvago_chimachima,14,8.23,0.03063971,0.331465946,25.3478983,2866.552989,20,10,20,20,0,20,10,0,0,0,VertFishScav,0,0,100,0,0,0,0,0,0,315.21,NA,2,NA,323,NA,NA,NA,NA,NA,29.25,NA,NA,NA,NA,NA,332.75,304,NA,NA,NA,NA,43,NA,NA,NA,NA,NA,NA,NA,0.006748609,0.187699652,194.1194305,38.10164174,5.042932705,296.034747,2684931.844,5553734.344,none,1140.316516,388.9090909,0,10,1.267729761,20,20,10,0,0,50,0,0,0,0,VertFishScav,0,0,100,0,0,0,0,0,0,296,NA,3,NA,296,NA,NA,NA,NA,NA,NA,NA,NA,NA,NA,NA,NA,NA,296,NA,NA,NA,40,NA,NA,NA,NA,NA,NA,NA,0.017231049,0.396333776,413.4748912,32.60145721,4.552968597,234.2228592,2593589.568,6887728.612,partial,393.2816499,102.6071429,0.107142857,13,1.129536347,1,1
Mimus_polyglottos,306,32.39092,0.045722254,Mimus_gilvus,56,17.28785,0.043549091,3.561157438,30.00482326,4386.53678,100,0,0,0,0,0,0,0,0,0,Invertebrate,0,0,50,50,0,0,0,0,0,51.99,NA,2.9,3,55.46666667,NA,NA,NA,NA,NA,5.05,14,14,NA,NA,NA,53.5,56,56.9,NA,NA,NA,NA,NA,NA,NA,NA,NA,NA,NA,0.014725925,0.267765419,120.6309417,53.26096064,3.966363216,269.6353352,1505971.667,4217559.178,none,178.0222057,309.4230769,0,37,1.815901514,50,0,0,0,0,0,50,0,0,0,Omnivore,0,0,70,30,0,0,0,0,0,48.5,364.234,3.91,2.5,48.5,20,NA,NA,3.5,NA,4.35,12.2,12.5,20,365,NA,46.4,50.5,48.5,NA,NA,35,NA,NA,NA,NA,NA,NA,NA,NA,0.016374853,0.679808787,583.6637408,63.65088524,6.851957399,146.7634374,2077449.721,35117538.43,partial,1048.141219,209.7490909,0.021818182,209,0.998967216,1.01,1.01
Molothrus_ater,1831,39.5136667,0.046992392,Molothrus_bonariensis,247,18.313726,0.063297423,2.12134057,29.92370926,7365.410756,70,0,0,0,0,0,0,0,30,0,Invertebrate,0,0,100,0,0,0,0,0,0,41.49,NA,NA,NA,38.4,5,NA,NA,NA,NA,4.1,11.5,NA,5,NA,NA,34.1,40,40,NA,NA,NA,NA,NA,NA,NA,NA,NA,NA,NA,0.011839441,0.363308391,157.353744,37.75452487,3.489976934,292.372035,2246089.486,13052134.13,none,1151.632791,204,0.243055556,36,1.228667115,40,0,0,0,0,0,0,0,60,0,PlantSeed,0,0,80,10,10,0,0,0,0,40.26,365,4.3,1,42.55,16.91666667,NA,NA,2.22,NA,3.01,11.25,10,16.9,365,NA,37.3,47.5,42.5,NA,NA,23.6,NA,NA,NA,NA,NA,NA,NA,NA,0.018910527,0.434921773,778.827062,42.16573875,8.267435505,139.2883615,1980844.171,17173392.57,partial,1234.422067,219.2137143,0.059428571,377,0.904823341,NA,NA
Myadestes_townsendi,258,39.1547934,0.050511925,Myadestes_obscurus,14,16.21748,0.046704616,16.78087989,31.58515221,4495.850582,30,0,0,0,0,0,40,0,0,30,Omnivore,0,0,0,33,33,33,0,0,0,50.44,NA,1.75,NA,50.45,NA,NA,NA,NA,NA,3.75,NA,17,NA,NA,NA,49.9,51,NA,NA,NA,NA,19,NA,NA,NA,NA,NA,NA,NA,0.014880269,0.447916391,202.4663773,78.50730213,4.346560001,231.2445882,1904267.146,4366059.204,none,0.221916393,255.8333333,0.833333333,9,0.763850634,50,0,0,0,0,0,20,0,20,10,Omnivore,0,0,0,0,60,20,20,0,0,33.2,NA,3.83,NA,33.475,NA,NA,NA,NA,NA,3.71,NA,NA,NA,NA,NA,32.6,32.4,33.75,NA,NA,NA,21,NA,NA,NA,NA,NA,NA,NA,0.015461656,0.609139173,762.434214,55.14038324,8.131916286,120.1077935,1223869.384,12158492.35,partial,462.1132165,206.6995885,0.004115226,185,0.405347727,2.08,2.08
Pachycephala_pectoralis,146,16.825,0.053188123,Pachycephala_melanura,11,10.6046,0.038902954,5.695997116,17.64052288,2608.444112,100,0,0,0,0,0,0,0,0,0,Invertebrate,0,0,20,40,40,0,0,0,0,23.8,NA,2.45,NA,29.3875,NA,NA,NA,NA,NA,3.66,NA,NA,NA,NA,NA,29.2125,30.2375,25.66666667,NA,NA,NA,NA,NA,NA,NA,NA,NA,NA,NA,0.000847102,0.177410573,78.42183096,22.18768128,3.086856365,543.8308133,713730.421,1342847.956,none,44.47628937,51.09090909,0.363636364,5,0.095932603,70,0,0,0,0,0,20,0,10,0,Invertebrate,0,0,33,33,33,0,0,0,0,30.36,NA,1.95,NA,32.7,NA,NA,NA,NA,NA,3.66,NA,NA,NA,NA,NA,32.425,33.775,29.31666667,NA,NA,NA,NA,NA,NA,NA,NA,NA,NA,NA,0.011522057,0.363950377,217.5979824,57.22288332,4.061125704,507.0284937,10691039.23,85350229.02,none,187.646324,164.3216783,1.335664336,55,0.676397421,-0.5,0.5
Parula_americana,122,40.24199085,0.098862836,Parula_pitiayumi,86,21.463515,0.07596273,1.561852074,21.58801133,6360.731741,70,0,0,0,0,0,20,0,0,10,Invertebrate,0,0,0,0,0,100,0,0,0,6.82,NA,3,NA,6.9,NA,NA,NA,NA,NA,1.38,NA,NA,NA,NA,NA,6.6,7.2,6.625,NA,NA,NA,NA,NA,NA,NA,NA,NA,NA,NA,0.007445372,0.59446125,209.1765201,76.62017746,4.722640629,234.9446475,3439485.131,12537997.42,partial,715.2422729,220.36,0,33,0.881512851,70,0,0,0,0,0,10,10,10,0,Invertebrate,0,0,0,0,20,80,0,0,0,7.84,365,4.5,1,7.9,7,NA,NA,NA,NA,1.26,13,NA,5.366666667,365,NA,7.65,7.8,8.6,NA,NA,NA,NA,NA,NA,NA,NA,NA,NA,NA,0.024215709,0.325666998,740.2988265,26.80634974,7.992515667,156.9086548,1608468.47,14002020.94,obligate,355.7281468,213.2017544,0,77,1.179324485,1.5,1.5
Pelecanus_erythrorhynchos,41,42.2,0.0310556,Pelecanus_occidentalis,69,34.0085106,0.042184382,33.44158224,32.04929296,4164.330353,10,0,0,80,0,10,0,0,0,0,VertFishScav,100,0,0,0,0,0,0,0,0,3427.84,365,2.6,1,3174,43,NA,NA,63.5,NA,96.55,29,75.5,31.08333333,730,NA,3161,3702,3057,45.4,73,NA,NA,NA,NA,NA,NA,NA,NA,NA,0.013276643,0.758781559,367.0529227,86.66074116,6.06947138,219.021429,2032465.926,19712687.51,partial,157.5387131,175.7460317,0.444444444,45,0.460909189,0,0,0,100,0,0,0,0,0,0,VertFishScav,100,0,0,0,0,0,0,0,0,5608.48,1095,2,1,6129.5,54,NA,NA,110,NA,150,36,75,31.5,1095,NA,4970,6665,6397.5,57.1,87.1,NA,NA,NA,NA,NA,NA,NA,NA,NA,0.013510324,0.611132287,843.2391993,44.22002369,8.831646628,98.17375067,1513759.866,5852360.191,partial,150.8103913,201.0540541,0.027027027,32,0.820885012,-0.6,0.6
Phaethon_rubricauda,35,21.995556,0.069445779,Phaethon_lepturus,29,22.0026455,0.087077801,26.25883726,13.08413444,4728.42853,30,0,0,70,0,0,0,0,0,0,VertFishScav,80,20,0,0,0,0,0,1,0,328.04,NA,1,1.4,347,NA,NA,NA,30,NA,45,41,75.5,NA,NA,NA,392,NA,338.3333334,NA,NA,NA,NA,NA,NA,NA,NA,NA,NA,NA,0.012030742,0.678154432,137.3644106,29.49938138,3.403384964,386.768734,5886509.404,100282811.5,obligate,7.610571228,53.03846154,0.730769231,14,1.451803478,40,0,0,60,0,0,0,0,0,0,VertFishScav,80,20,0,0,0,0,0,1,0,671.87,1460,1,1,645,32.7,NA,NA,54,NA,71.75,44.5,91.3,23.8,274,NA,220.2,218.7,693.5,48.1,67.3,NA,NA,NA,NA,NA,NA,NA,NA,NA,0.011685989,0.483081852,168.5173104,39.61940904,4.225110683,286.0877727,3706180.142,29796477.97,obligate,16.84891202,48.58823529,0.705882353,15,1.5655586,0,0
Phoebastria_immutabilis,14,28.20959,0.026355232,Phoebastria_nigripes,18,48.55,0.025730581,5.865140634,21.49767149,2480.133833,20,0,0,70,0,10,0,0,0,0,VertFishScav,0,100,0,0,0,0,0,1,0,3188.41,3287.25,1,0.893103449,3195,40.7,NA,NA,182.5,NA,290.5,65,140,32.68333333,NA,NA,2990,3400,3195,70,108,NA,NA,NA,NA,NA,NA,NA,NA,NA,0.000321421,0.002245238,282.9042053,89.63152695,6.07007432,278.7296448,2505878.537,9287698.476,partial,10042.00228,37.5,2.6875,13,0.093040366,70,0,0,30,0,0,0,0,0,0,Invertebrate,0,100,0,0,0,0,0,1,0,3145.93,3141.075,1,0.90037594,3050,60,NA,NA,167.2,NA,279,64,165,53,3068,NA,2990,3310,2900,68.6,107.6,NA,NA,NA,NA,NA,NA,NA,NA,NA,0.018289792,0.527551655,284.339798,59.1527522,5.489148378,270.7861764,2800623.41,6992028.557,partial,4623.478881,96,1.545454545,11,0.375284723,0,0
Phrygilus_unicolor,70,14.0585,0.058972548,Phrygilus_plebejus,60,11.7697,0.080898198,5.55363509,7.180730288,798.4607791,0,0,0,0,0,0,0,0,100,0,PlantSeed,0,0,50,50,0,0,0,0,0,14.68,NA,NA,NA,14.675,NA,NA,NA,NA,NA,1.99,NA,NA,NA,NA,NA,12.6,NA,14.6875,NA,NA,NA,NA,NA,NA,NA,NA,NA,NA,NA,0.010811992,0.673628207,101.6121131,79.33081035,6.617767423,132.0677098,555040.8748,1004464.198,none,81.76876302,145.3050847,0.93220339,23,0.152423549,0,0,0,0,0,0,0,0,100,0,PlantSeed,0,0,0,40,40,20,0,0,0,21.9,NA,NA,NA,21.9,NA,NA,NA,NA,NA,NA,NA,NA,NA,NA,NA,NA,NA,21.9,NA,NA,NA,NA,NA,NA,NA,NA,NA,NA,NA,0.006789711,0.445867497,116.8652398,76.43206126,5.241497668,223.9090438,704822.0165,2792228.876,none,124.2270351,203.7166667,0.85,20,0.112261356,NA,NA
Phylloscopus_ruficapilla,19,4.8,0.046849766,Phylloscopus_laetus,35,1,0.036075105,9.27389812,27.34163092,3042.514762,100,0,0,0,0,0,0,0,0,0,Invertebrate,0,0,0,33,33,33,0,0,0,9.54,NA,2,NA,9.55,NA,NA,NA,NA,NA,1.57,NA,NA,NA,NA,NA,9.2,9.9,NA,NA,NA,NA,NA,NA,NA,NA,NA,NA,NA,NA,0.028621128,0.170457896,60.04786268,34.81053472,4.440517065,226.6274536,103419.3738,3910.440364,none,6.639152834,605.3142857,3,5,0.971078071,100,0,0,0,0,0,0,0,0,0,Invertebrate,0,0,0,33,33,33,0,0,0,7.7,NA,2.9,NA,7.7,NA,NA,NA,NA,NA,1.35,NA,NA,NA,NA,NA,NA,NA,7.7,NA,NA,NA,NA,NA,NA,NA,NA,NA,NA,NA,0.01381219,0.191166923,207.0623731,70.84497552,4.513454538,242.3270312,662194.3746,61966.84909,none,37.52446671,486.1052632,1.052631579,7,0.429401241,0.9,0.9
Picoides_arizonae,48,29.39209694,0.092691288,Picoides_stricklandi,30,19.1084446,0.025276605,1.965051545,6.330503252,1021.002006,80,0,0,0,0,0,10,0,10,0,Invertebrate,0,0,0,50,50,0,0,0,0,40.87,NA,3.4,NA,38.1,NA,NA,NA,NA,NA,NA,14,NA,NA,NA,NA,42,38.1,NA,NA,NA,NA,19,NA,NA,NA,NA,NA,NA,NA,0.009098624,0.394857949,311.0221738,92.16203863,5.429570241,132.8899373,812390.7146,633875.0817,none,1.606526096,286,0,16,0.374310916,80,0,0,0,0,0,10,0,10,0,Invertebrate,0,0,0,50,50,0,0,0,0,40.87,NA,3.4,NA,44.05,NA,NA,NA,NA,NA,3.9,14,NA,NA,NA,NA,44,43.75,NA,NA,NA,NA,19,NA,NA,NA,NA,NA,NA,NA,0.00687672,0.400875407,437.1352539,93.60929667,6.428413688,113.585023,787566.6642,353292.382,none,29.71948079,274.2,0,16,0.194981179,0,0
Pipilo_fuscus,293,29.51520665,0.048555383,Pipilo_albicollis,24,17.0374437,0.019314646,8.105745296,11.86753803,1538.333632,50,0,0,0,0,0,10,0,40,0,Omnivore,0,0,30,40,30,0,0,0,0,46.4,NA,4,NA,46.2,NA,NA,NA,NA,NA,NA,NA,NA,NA,NA,NA,NA,NA,46.2,NA,NA,NA,NA,NA,NA,NA,NA,NA,NA,NA,0.002650969,0.265938785,162.2437562,84.22507646,4.475628455,159.6533826,64393.9948,14589.53348,none,5.49153265,232.3333333,0.222222222,13,0.091687626,20,0,0,0,0,0,0,0,80,0,PlantSeed,0,0,50,30,20,0,0,0,0,44.4,365,3,2.5,44.89166667,12.8,NA,NA,NA,NA,4.44,11,NA,12.8,365,NA,47.4,50.45,44.55,NA,NA,NA,NA,NA,NA,NA,NA,NA,NA,NA,0.012881065,0.622948012,528.7289194,81.09793321,7.070075971,115.6880183,1127887.353,5846984.235,none,152.2407352,242.5473251,1.551440329,122,0.563533715,-1,1
Polioptila_caerulea,304,33.96249,0.121601824,Polioptila_plumbea,77,6.30053,0.092475714,11.29871331,32.20734254,5342.062032,100,0,0,0,0,0,0,0,0,0,Invertebrate,0,0,0,33,33,33,0,0,0,6,NA,2.45,NA,6.1,NA,NA,NA,NA,NA,1.17,13,NA,NA,NA,NA,6.5,6.9,6,NA,NA,NA,NA,NA,NA,NA,NA,NA,NA,NA,0.011625851,0.767569557,88.00555146,66.49562479,5.064848858,315.3143286,1652595.119,8081849.048,none,620.8844208,268.7391304,0.362318841,43,1.570314571,100,0,0,0,0,0,0,0,0,0,Invertebrate,0,0,0,50,50,0,0,0,0,5.8,319,4.25,2,6.125,4.2,NA,NA,0.64,NA,0.965,14,12.25,4.2,319,NA,6.4,6.4,5.975,NA,NA,NA,NA,NA,NA,NA,NA,NA,NA,NA,0.019616409,0.793049102,603.2130591,63.28388796,6.630046459,142.6536778,1886774.345,10146092.29,partial,645.369867,218.0307167,0.375426621,197,0.901331727,1.8,1.8
Pycnonotus_nigricans,68,23.5,0.02565155,Pycnonotus_barbatus,340,2.13,0.058448417,3.9377298,21.84026403,2837.170774,10,0,0,0,10,0,50,10,10,10,FruiNect,0,0,20,40,40,0,0,0,0,32.1,NA,2.5,NA,34.46666667,9.916666667,NA,NA,NA,NA,3.36,NA,NA,9.916666667,NA,NA,35,38.5,32.7,NA,NA,NA,NA,NA,NA,NA,NA,NA,NA,NA,0.014509656,0.333963818,136.6790312,68.84346209,4.697211933,210.6150697,1484099.334,22545558.31,none,1633.509468,439.9345238,0.014880952,99,0.680751092,20,0,0,0,0,0,60,20,0,0,FruiNect,0,0,20,40,40,0,0,0,0,30.8,NA,NA,NA,30.8,NA,NA,NA,NA,NA,2.75,NA,NA,NA,NA,NA,NA,NA,30.8,NA,NA,NA,NA,NA,NA,NA,NA,NA,NA,NA,0.007141675,0.940532067,335.9186808,111.1779165,6.081418702,74.83416679,715539.514,4184765.291,none,194.8044313,215.8382353,0.073529412,13,0.452486901,NA,NA
Pyrrhocoma_ruficeps,17,26.35,0.030403021,Hemispingus_superciliaris,24,6.23695,0.044973813,4.580075664,14.65102662,2884.729449,90,0,0,0,0,0,0,0,10,0,Invertebrate,0,0,0,10,80,10,0,0,0,14,NA,NA,NA,14.3,NA,NA,NA,NA,NA,NA,NA,NA,NA,NA,NA,NA,NA,14.15,NA,NA,NA,NA,NA,NA,NA,NA,NA,NA,NA,0.006260952,0.373506573,65.06454095,48.61517732,4.771011923,223.8342292,931236.9889,1191951.887,none,22.29914647,289.2173913,0,12,0.099464919,100,0,0,0,0,0,0,0,0,0,Invertebrate,0,0,0,80,20,0,0,0,0,15.6,NA,NA,NA,15.3,NA,NA,NA,NA,NA,NA,NA,NA,NA,NA,NA,NA,NA,15.6,NA,NA,NA,NA,NA,NA,NA,NA,NA,NA,NA,0.001525818,0.063832877,340.3419943,20.6576832,4.935544491,389.7991477,42907.82247,3881.43124,none,55.12396567,452.5294118,0,5,0.387196987,NA,NA
Rallus_elegans,24,41.7432677,0.045505813,Rallus_longirostris,121,33.1714,0.072262594,2.900371238,33.195203,5320.959359,30,10,10,10,0,0,10,0,10,20,Omnivore,10,40,40,10,0,0,0,0,0,259.35,363.468,10,1.5,294.8333334,7.5,NA,NA,15,NA,20.05,22,64.75,7.5,365,NA,266.5,323,347.5,NA,NA,NA,NA,NA,NA,NA,NA,NA,NA,NA,0.016419347,0.5806036,502.8760978,65.11940147,5.857409691,166.4790603,2190954.312,8859945.434,none,29.75256694,170.7619048,1.495238095,57,0.369447332,30,0,30,20,0,0,0,0,20,0,Omnivore,0,50,50,0,0,0,0,0,0,313.31,363.468,10.4,NA,360.5,NA,NA,NA,15,NA,21.1,22,63,NA,NA,NA,277,360.5,415,NA,NA,NA,NA,NA,NA,NA,NA,NA,NA,NA,0.015422845,0.215974306,801.230954,30.28365183,8.091596484,122.6631657,1108914.898,3357138.427,partial,321.2344997,178.1,0.75,17,1.317118765,0.4,0.4
Riparia_riparia,229,42.2708397,0.099717296,Riparia_paludicola,22,3.3821665,0.066237239,15.34480741,42.08628737,9216.529353,100,0,0,0,0,0,0,0,0,0,Invertebrate,0,0,0,0,100,0,0,0,0,13.5,NA,3.2,NA,12.15,NA,NA,NA,NA,NA,1.385,NA,NA,NA,NA,NA,11.45,11.2,13.5,NA,NA,NA,NA,NA,NA,NA,NA,NA,NA,NA,0.019160544,0.299907772,222.8185359,71.06578723,4.786070087,178.1282529,1658882.169,2508830.216,partial,601.6994295,439.4090909,0.727272727,10,0.310346311,100,0,0,0,0,0,0,0,0,0,Invertebrate,0,0,0,40,60,0,0,0,0,12.68,365,4.49,1.5,13.4,10,NA,NA,1.6,NA,1.43,14.75,18,8,365,NA,14.35,13.325,13.1,NA,NA,14.5,NA,NA,NA,NA,NA,NA,NA,NA,0.020958277,0.511133926,873.6040361,41.1780738,9.242351695,117.7555618,6513613.666,155161303,obligate,5175.404402,228.0365297,0.118721461,94,0.988279974,1.29,1.29
Rollandia_rolland,10,34.206,0.019340175,Rollandia_microptera,12,15.52767,0.021262285,20.88381062,14.37238512,1634.055826,10,0,0,90,0,0,0,0,0,0,VertFishScav,60,40,0,0,0,0,0,0,0,706,NA,NA,NA,706,NA,NA,NA,NA,NA,NA,NA,NA,NA,NA,NA,NA,NA,706,NA,NA,NA,NA,NA,NA,NA,NA,NA,NA,NA,0.002328399,0.094305872,137.4848366,87.81866582,5.477030754,134.9451523,16314.07238,111.0357444,none,4.151035454,119.5,1,3,0.057835201,20,0,0,80,0,0,0,0,0,0,VertFishScav,20,80,0,0,0,0,0,0,0,324.27,NA,NA,NA,248.5,NA,NA,NA,NA,NA,NA,NA,NA,NA,NA,NA,344.5,240,NA,NA,NA,NA,NA,NA,NA,NA,NA,NA,NA,NA,0.016566488,0.811808048,364.6078322,50.84186172,4.95723025,167.3973575,1532887.189,2319279.072,none,470.6869749,160.7,0.2,7,1.735131384,NA,NA
Saltator_aurantiirostris,52,31.1,0.033113654,Saltator_grossus,16,7.958333334,0.02750855,10.32242704,24.72164269,2749.922635,60,0,0,0,0,0,30,10,0,0,Invertebrate,0,0,0,0,20,80,0,0,0,44.2,NA,NA,NA,45.6,NA,NA,NA,NA,NA,NA,NA,NA,NA,NA,NA,NA,NA,45.6,NA,NA,NA,NA,NA,NA,NA,NA,NA,NA,NA,0.005370194,0.394148129,51.85471954,37.67870038,3.96527764,377.4984782,1643912.756,3976140.044,none,510.1245615,358.4375,1.75,14,0.891276216,60,0,0,0,0,0,30,10,0,0,Invertebrate,0,0,0,90,10,0,0,0,0,41.89,NA,NA,NA,45,NA,NA,NA,NA,NA,5.58,NA,NA,NA,NA,NA,46.15,38.975,NA,NA,NA,NA,NA,NA,NA,NA,NA,NA,NA,NA,0.015417468,0.45798708,336.7430306,49.90328419,5.072921456,208.8334364,1728500.875,10510630.86,none,227.4348636,241.6,1.24,25,0.873474395,NA,NA
Sayornis_phoebe,225,41.99298,0.079768019,Sayornis_nigricans,188,32.1521265,0.048604407,3.000556584,30.21117389,3359.859563,100,0,0,0,0,0,0,0,0,0,Invertebrate,0,0,0,80,20,0,0,0,0,18.63,364.359,4,1.75,18.25,8,NA,NA,1.5,NA,2.13,16.25,21,8,NA,NA,17.75,19.475,18,NA,NA,18.7,NA,NA,NA,NA,NA,NA,NA,NA,0.015013684,1.322548515,444.6228502,80.59363169,6.217088261,165.5613951,1959994.947,7642283.757,partial,262.3852915,216.7752809,0.803370787,112,0.905081234,90,0,0,0,0,0,10,0,0,0,Invertebrate,0,0,0,50,50,0,0,0,0,19.7,363.468,4.87,2,19.7,10.33333333,NA,NA,1.65,NA,2.31,16,16,9.1,NA,NA,18.9,NA,19.8,NA,NA,17.5,NA,NA,NA,NA,NA,NA,NA,NA,0.014175689,0.262330245,883.2730394,22.9494568,8.780544341,138.3023317,1328047.038,36446600.8,partial,752.9143159,221.4859813,0.121495327,124,1.008700847,0.87,0.87
Serinus_flaviventris,15,28.5,0.036045662,Serinus_sulphuratus,24,1.7,0.051859293,4.00303529,13.1051083,1686.378768,10,0,0,0,0,0,10,0,60,20,PlantSeed,0,0,33,33,33,0,0,0,0,27.9,NA,2.75,NA,23.75,NA,NA,NA,NA,NA,1.93,NA,NA,NA,NA,NA,18.95,18.2,27.85,NA,NA,NA,NA,NA,NA,NA,NA,NA,NA,NA,0.004415562,0.201115463,154.2774604,80.02807482,4.422329942,178.1647793,1204762.875,1146657.131,none,160.2520598,467.5,0.333333333,9,0.492514572,20,0,0,0,0,0,0,0,40,40,PlantSeed,0,0,80,20,0,0,0,0,0,16.2,NA,3.15,NA,16.3,NA,NA,NA,NA,NA,1.58,NA,NA,NA,NA,NA,16.45,17.5,15.55,NA,NA,NA,NA,NA,NA,NA,NA,NA,NA,NA,0.00510896,0.466089768,530.5726339,66.02492803,6.417050743,126.6392217,574457.1657,258186.9774,none,153.9631585,269.1333333,0,4,0.058610809,0.4,0.4
Serpophaga_nigricans,10,32.3117,0.040599815,Serpophaga_cinerea,15,5.210583333,0.056304484,1.468827106,24.05717486,3382.90821,100,0,0,0,0,0,0,0,0,0,Invertebrate,0,0,60,40,0,0,0,0,0,8.3,NA,2,NA,8,NA,NA,NA,NA,NA,1.33,17.5,17,NA,NA,NA,7.7,NA,8.3,NA,NA,NA,NA,NA,NA,NA,NA,NA,NA,NA,0.015598728,0.555412419,71.68755404,29.91458524,4.550391261,358.7909953,1056541.672,1281067.544,none,44.13918254,299.7333333,0,11,0.644178468,100,0,0,0,0,0,0,0,0,0,Invertebrate,0,0,60,40,0,0,0,0,0,8.5,NA,NA,NA,8.5,NA,NA,NA,NA,NA,NA,NA,NA,NA,NA,NA,NA,NA,8.5,NA,NA,NA,NA,NA,NA,NA,NA,NA,NA,NA,0.008898634,0.254966907,437.0905457,32.67431588,4.575044685,229.6417864,718762.7906,554198.1956,none,335.7172714,289.6666667,1.555555556,8,0.966030968,NA,NA
Sporophila_caerulescens,16,24.1833333,0.035279275,Sporophila_nigricollis,29,3.49166665,0.079611427,0.603956935,12.03127235,1664.470404,20,0,0,0,0,0,0,0,80,0,PlantSeed,0,0,30,70,0,0,0,0,0,9.6,NA,2.25,2,9.6,NA,NA,NA,NA,NA,1.38,12,10,NA,NA,NA,8.5,9,9.725,NA,NA,NA,NA,NA,NA,NA,NA,NA,NA,NA,0.011451611,0.321575261,38.38783162,35.23444234,4.757850885,334.4648353,786957.7704,3459957.349,partial,597.9000015,312.5714286,2.5,20,0.672529773,20,0,0,0,0,0,0,0,80,0,PlantSeed,0,0,50,50,0,0,0,0,0,9.73,NA,NA,NA,9.825,NA,NA,NA,NA,NA,NA,NA,NA,NA,NA,NA,9.375,10.275,NA,NA,NA,NA,NA,NA,NA,NA,NA,NA,NA,NA,0.012718794,0.465703819,333.8829275,42.77160124,4.963579948,219.1380175,2642379.852,7222880.846,partial,451.6571471,307.9333333,4.6,10,0.939361618,NA,NA
Stelgidopteryx_serripennis,184,39.67071655,0.067132214,Stelgidopteryx_ruficollis,84,10,0.052397757,6.792942302,30.39139047,6889.026726,100,0,0,0,0,0,0,0,0,0,Invertebrate,0,0,0,40,60,0,0,0,0,16.1,363.468,5.2,1,16,5.916666667,NA,NA,NA,NA,1.74,14.75,19.5,5.9,NA,NA,NA,NA,16,NA,NA,NA,NA,NA,NA,NA,NA,NA,NA,NA,0.023452389,0.656057341,314.5592238,38.80306647,5.774141386,241.6308571,2845290.39,22520827.43,partial,1156.60848,290.253012,0.506024096,46,0.949686707,100,0,0,0,0,0,0,0,0,0,Invertebrate,0,0,30,70,0,0,0,0,0,15.69,365,6,1,15.8,5.916666667,NA,NA,NA,NA,1.74,15.25,19.5,5.9,365,1,13.3,14.5,15.8,NA,NA,14.1,NA,NA,NA,NA,NA,NA,NA,NA,0.022024534,0.769702497,693.7110444,49.74710745,7.444862174,126.8580775,2299120.982,40557874.58,partial,1042.319968,224.25,0.095238095,96,0.874708228,0.8,0.8
Sterna_elegans,37,33.703,0.032008398,Sterna_sandvicensis,16,26.1,0.043226822,1.431302185,24.08578016,9999.611973,10,0,0,90,0,0,0,0,0,0,VertFishScav,70,20,10,0,0,0,0,1,0,199.83,910.968,1.21,1,208,30.8,NA,NA,27.5,NA,35,23.5,32,27.16666667,1095,NA,237,296,204.5,NA,NA,NA,NA,NA,NA,NA,NA,NA,NA,NA,0.003810531,0.615407715,314.8931118,67.49639511,5.993870922,255.4176287,2176573.571,4102148.954,partial,255.8025005,132.6666667,1.466666667,9,0.397887908,0,0,0,100,0,0,0,0,0,0,VertFishScav,100,0,0,0,0,0,0,1,0,260,1095,1,1,258.3,20.91666667,NA,NA,26.4,NA,37.89,26,NA,8.916666667,1095,NA,NA,NA,259.6,NA,NA,NA,NA,NA,NA,NA,NA,NA,NA,NA,0.011505944,0.509353245,445.3363998,90.80637764,5.944033286,130.7895142,419111.4546,252331.1675,obligate,0.124912059,185.5945946,0.972972973,18,0.209838667,-0.21,0.21
Thryothorus_ludovicianus,196,36.23667,0.15136008,Henicorhina_leucosticta,168,16.2633,0.035862404,12.66260527,30.78241015,3837.556171,100,0,0,0,0,0,0,0,0,0,Invertebrate,0,0,40,50,10,0,0,0,0,14.18,NA,2,NA,14.8,NA,NA,NA,NA,NA,2.42,18,NA,NA,NA,NA,13.7,15.025,NA,NA,NA,NA,NA,NA,NA,NA,NA,NA,NA,NA,0.00532961,0.243017719,125.9062793,52.26411806,3.948117711,327.658714,959530.5615,5003746,none,206.8407283,387.6580645,0.04516129,66,0.759340818,60,0,20,0,0,0,10,0,10,0,Invertebrate,0,0,40,40,20,0,0,0,0,18.96,365,4.435,1.75,19.56666667,9.2,NA,NA,2.42,NA,2.175,14,13.5,6.1,365,NA,18.7,21.2,20,NA,NA,NA,NA,NA,NA,NA,NA,NA,NA,NA,0.016380923,0.214544846,738.745585,23.26728597,8.016326219,184.1807415,1343556.701,30550125.52,none,301.953978,232.2242424,0.042424242,115,1.448414185,2.435,2.435
Todiramphus_sanctus,12,9.99314,0.178714025,Todiramphus_chloris,105,14.3,0.057847306,2.131094574,13.35433173,5511.604257,80,0,10,10,0,0,0,0,0,0,Invertebrate,10,30,40,20,0,0,0,0,0,66.09,NA,3.885,2,66.25,9.583333333,NA,NA,NA,NA,9.2,NA,44,8.833333333,NA,NA,65.625,55.6,69.4125,NA,NA,NA,NA,NA,NA,NA,NA,NA,NA,NA,0.005285314,0.375578831,83.51613989,41.45962815,3.060391866,525.1292175,14412330.6,145920576.5,none,317.680675,88.3592233,0.281553398,47,0.767006909,70,10,10,10,0,0,0,0,0,0,Invertebrate,0,0,40,30,20,0,10,0,0,52.96,NA,4.635,NA,53.95,8.083333333,NA,NA,NA,NA,7.4,NA,NA,8.083333333,NA,NA,45.45,45.1,55.35,NA,NA,NA,NA,NA,NA,NA,NA,NA,NA,NA,0.015864295,0.409608081,138.6148303,23.42089629,3.580556154,502.9713529,1895871.421,7205501.082,partial,540.7427692,116.4166667,0.583333333,12,0.412552863,0.75,0.75
Toxostoma_curvirostre,179,30.4447763,0.035929726,Toxostoma_ocellatum,15,17.18909,0.011647698,16.60772882,8.916777599,1127.257043,100,0,0,0,0,0,0,0,0,0,Invertebrate,0,0,100,0,0,0,0,0,0,84.29,NA,2,NA,83.8,NA,NA,NA,NA,NA,NA,NA,NA,NA,NA,NA,NA,NA,83.8,NA,NA,NA,NA,NA,NA,NA,NA,NA,NA,NA,0.007405175,0.223408195,130.5693893,92.71523641,4.300762415,220.2382919,213766.9628,35540.43675,none,7.610027338,270.3333333,0.533333333,10,0.188796709,50,0,0,0,0,0,30,0,20,0,Omnivore,0,0,100,0,0,0,0,0,0,80.54,364.234,3.62,2,78.7,10.8,NA,NA,5.5,NA,5.875,13,15,10.8,365,NA,75.8,80.9,79.4,NA,NA,46.6,NA,NA,NA,NA,NA,NA,NA,NA,0.012420015,0.422880346,618.2003737,74.91574567,7.537943406,106.0662379,749346.6532,2060332.01,none,187.9324342,237.0764331,1.23566879,98,0.529331588,1.62,1.62
Toxostoma_longirostre,17,26.7379,0.017914016,Toxostoma_guttatum,13,20.5,0.007855709,8.437264982,5.375930384,1382.215534,70,0,0,0,0,0,30,0,0,0,Invertebrate,0,0,50,50,0,0,0,0,0,52.8,NA,NA,NA,52.8,NA,NA,NA,NA,NA,NA,NA,NA,NA,NA,NA,NA,NA,52.8,NA,NA,NA,NA,NA,NA,NA,NA,NA,NA,NA,0.012240191,0.452452698,200.2295403,53.6874686,4.447168919,258.3898245,644541.4525,19445.65075,none,0.04129258,185.2307692,0.615384615,5,1.8146729,70,0,0,0,0,0,30,0,0,0,Invertebrate,0,0,80,20,0,0,0,0,0,67.6,NA,3.85,2,67.65,7.833333333,NA,NA,4.2,NA,5.53,14,NA,7.3,NA,NA,NA,NA,67.625,NA,NA,37.3,NA,NA,NA,NA,NA,NA,NA,NA,0.00323906,0.180972828,501.1260353,48.00064776,6.753665777,156.3680156,308968.2143,93516.99567,none,27.12035209,286.3076923,1.230769231,11,1.234687232,NA,NA
Tregellasia_capito,49,18.168259,0.043954005,Tregellasia_leucops,21,4.699033333,0.030534264,8.798906114,24.26883308,2894.204684,80,0,0,0,0,0,0,0,20,0,Invertebrate,0,0,0,40,60,0,0,0,0,15.57,NA,1.7,NA,15.975,NA,NA,NA,NA,NA,2.2,NA,NA,NA,NA,NA,15.025,16.5,NA,NA,NA,NA,NA,NA,NA,NA,NA,NA,NA,NA,0.004130466,0.139582087,25.95221418,20.56052303,3.848206073,567.138176,247448.8943,91763.71586,none,16.45022065,186.5714286,0,10,0.453774028,80,0,0,0,0,0,0,0,20,0,Invertebrate,0,0,60,30,10,0,0,0,0,13.9,NA,2,NA,13.9,NA,NA,NA,NA,NA,2.3,NA,NA,NA,NA,NA,12.2,14.4,14.7,NA,NA,NA,NA,NA,NA,NA,NA,NA,NA,NA,0.004014702,0.194168628,277.303204,78.04148725,4.310863592,549.2223056,202243.8782,51424.23683,none,14.06283371,330.0612245,0.244897959,20,0.232764854,0.3,0.3
Trochocercus_cyanomelas,22,3.3,0.099270256,Trochocercus_nitens,19,0.82,0.048861473,7.71208638,27.69730169,3261.550578,100,0,0,0,0,0,0,0,0,0,Invertebrate,0,0,0,20,60,20,0,0,0,11.8,NA,2,NA,11.85,NA,NA,NA,NA,NA,1.78,NA,NA,NA,NA,NA,11.9,11.8,12.1,NA,NA,NA,NA,NA,NA,NA,NA,NA,NA,NA,0.003244306,0.176893189,53.07632065,45.32003925,3.983835296,259.8519303,1207325.695,2497303.167,none,299.8876027,540.1052632,0,6,0.421848413,100,0,0,0,0,0,0,0,0,0,Invertebrate,0,0,0,50,50,0,0,0,0,10.2,NA,2.3,NA,10.2,NA,NA,NA,NA,NA,1.45,NA,NA,NA,NA,NA,10.1,10.2,10.45,NA,NA,NA,NA,NA,NA,NA,NA,NA,NA,NA,0.023264019,0.113769669,119.7229198,65.75536433,4.039682237,227.9712961,187250.5027,103427.4203,none,16.51757893,367.3636364,0.727272727,10,2.124549347,0.3,0.3
Turdus_merula,109,41.2653,0.033614189,Turdus_tephronotus,13,1.6,0.017938021,15.71381218,50.381208,5882.010322,60,0,0,0,0,0,20,0,20,0,Invertebrate,0,0,100,0,0,0,0,0,0,49.4,NA,2.5,NA,49.85,NA,NA,NA,NA,NA,5.1,NA,NA,NA,NA,NA,51,48.7,49.7,NA,NA,NA,20.75,NA,NA,NA,NA,NA,NA,NA,NA,NA,NA,NA,NA,NA,NA,NA,none,81.27824788,444.1666667,0.416666667,5,NA,50,0,0,0,10,0,20,0,20,0,Omnivore,0,0,60,20,20,0,0,0,0,102.73,364.234,4,4,102,21.83333333,NA,NA,5.5,NA,7.2,13.5,13.5,21.06666667,365,NA,97.5,98.3,100.15,NA,NA,NA,26.5,NA,NA,NA,NA,NA,NA,NA,0.012694041,0.348237145,641.8327131,36.92314682,7.777919725,125.3534865,3497015.609,43225683.46,partial,1320.844604,157.6330275,3.80733945,40,1.031190433,1.5,1.5
Turdus_migratorius,1753,40.612084,0.037749652,Turdus_rufitorques,37,16.67444444,0.037537753,1.360640409,35.55250664,4218.092963,40,0,0,0,0,0,50,0,10,0,Omnivore,0,0,100,0,0,0,0,0,0,72,NA,2.7,NA,72,NA,NA,NA,NA,NA,NA,NA,NA,NA,NA,NA,NA,NA,72,NA,NA,NA,24.25,NA,NA,NA,NA,NA,NA,NA,NA,NA,NA,NA,NA,NA,NA,NA,none,5.150028076,277.8571429,2.942857143,20,NA,50,0,0,0,0,0,50,0,0,0,Omnivore,0,0,20,40,40,0,0,0,0,78.5,364.234,3.43,2.5,78.78333333,17,NA,NA,5.5,NA,6.7,13,14.3,13.91666667,365,NA,75,84.9,78.5,NA,NA,56.9,26.5,NA,NA,NA,NA,NA,NA,NA,0.011242173,0.430203802,668.7384169,65.85030423,7.705832394,190.0198988,1555272.347,7224252.07,partial,2135.519854,208.6333333,0.024074074,727,1.034428294,0.73,0.73
Zosterops_japonicus,56,25.72878,0.100031632,Zosterops_montanus,29,9.3666667,0.056117837,1.439488731,26.03996674,3534.608519,50,0,0,0,0,0,40,0,0,10,Omnivore,0,0,0,0,20,80,0,0,0,10.5,NA,NA,NA,10.5,NA,NA,NA,NA,NA,1.45,NA,NA,NA,NA,NA,8,NA,10.75,NA,NA,NA,NA,NA,NA,NA,NA,NA,NA,NA,NA,NA,NA,NA,NA,NA,NA,NA,none,55.38669374,260.3448276,1,9,NA,40,0,0,0,0,0,30,30,0,0,FruiNect,0,0,0,30,40,30,0,0,0,11.29,365,3.15,2,11.25,5.1,NA,NA,1.1,NA,1.13,11,NA,5.1,365,NA,10.5,NA,11.5,NA,NA,NA,NA,NA,NA,NA,NA,NA,NA,NA,NA,NA,NA,NA,NA,NA,NA,NA,partial,327.7703889,173.54,0.48,20,NA,NA,NA
